8b2fc7,172.25.0.2,GET,http://drupal.docker.localhost:8000/admin/modules,1715168770,8b2fc7,200,request
98a82e,172.25.0.2,GET,http://drupal.docker.localhost:8000/,1715168839,98a82e,200,request
2089a0,172.25.0.2,GET,http://drupal.docker.localhost:8000/,1715168839,98a82e,200,request
fd1483,172.25.0.2,GET,http://drupal.docker.localhost:8000/,1715168839,98a82e,200,request
eed20b,172.25.0.2,GET,http://drupal.docker.localhost:8000/,1715168839,98a82e,200,request
b1f496,172.25.0.2,GET,http://drupal.docker.localhost:8000/,1715168840,98a82e,200,request
d5cee2,172.25.0.2,GET,http://drupal.docker.localhost:8000/,1715168840,98a82e,200,request
a68440,172.25.0.2,GET,http://drupal.docker.localhost:8000/,1715168840,98a82e,200,request
be30cc,172.25.0.2,GET,http://drupal.docker.localhost:8000/,1715168857,be30cc,200,request
739311,172.25.0.2,GET,http://drupal.docker.localhost:8000/,1715168857,be30cc,200,request
dabf64,172.25.0.2,GET,http://drupal.docker.localhost:8000/,1715168857,be30cc,200,request
c06a57,172.25.0.2,GET,http://drupal.docker.localhost:8000/,1715168857,be30cc,200,request
9b1c12,172.25.0.2,GET,http://drupal.docker.localhost:8000/,1715168857,be30cc,200,request
015d52,172.25.0.2,GET,http://drupal.docker.localhost:8000/,1715168857,be30cc,200,request
36fed0,172.25.0.2,GET,http://drupal.docker.localhost:8000/,1715168857,be30cc,200,request
ee7ced,172.25.0.2,GET,http://drupal.docker.localhost:8000/,1715168860,ee7ced,200,request
e17c35,172.25.0.2,GET,http://drupal.docker.localhost:8000/,1715168860,ee7ced,200,request
67d8fc,172.25.0.2,GET,http://drupal.docker.localhost:8000/,1715168860,ee7ced,200,request
b48f5f,172.25.0.2,GET,http://drupal.docker.localhost:8000/,1715168860,ee7ced,200,request
42bb5e,172.25.0.2,GET,http://drupal.docker.localhost:8000/,1715168860,ee7ced,200,request
612d4a,172.25.0.2,GET,http://drupal.docker.localhost:8000/,1715168860,ee7ced,200,request
29e0d9,172.25.0.2,GET,http://drupal.docker.localhost:8000/,1715168860,ee7ced,200,request
20846a,172.25.0.2,GET,http://drupal.docker.localhost:8000/admin/config,1715168867,20846a,200,request
c9a2e4,172.25.0.2,GET,http://drupal.docker.localhost:8000/admin/config,1715168867,20846a,200,request
a2c9f8,172.25.0.2,GET,http://drupal.docker.localhost:8000/admin/config,1715168867,20846a,200,request
4d28c1,172.25.0.2,GET,http://drupal.docker.localhost:8000/admin/config,1715168867,20846a,200,request
d4ab10,172.25.0.2,GET,http://drupal.docker.localhost:8000/admin/config,1715168867,20846a,200,request
4f2583,172.25.0.2,GET,http://drupal.docker.localhost:8000/admin/config,1715168867,20846a,200,request
0c10f3,172.25.0.2,GET,http://drupal.docker.localhost:8000/admin/config,1715168867,20846a,200,request
80ee93,172.25.0.2,GET,http://drupal.docker.localhost:8000/admin/config,1715168867,20846a,200,request
ef5aea,172.25.0.2,GET,http://drupal.docker.localhost:8000/admin/config,1715168867,20846a,200,request
e5096e,172.25.0.2,GET,http://drupal.docker.localhost:8000/admin/config,1715168872,e5096e,200,request
f32bde,172.25.0.2,GET,http://drupal.docker.localhost:8000/admin/config,1715168872,e5096e,200,request
a43950,172.25.0.2,GET,http://drupal.docker.localhost:8000/admin/config,1715168872,e5096e,200,request
c5055c,172.25.0.2,GET,http://drupal.docker.localhost:8000/admin/config,1715168872,e5096e,200,request
6e9c21,172.25.0.2,GET,http://drupal.docker.localhost:8000/admin/config,1715168872,e5096e,200,request
396ff0,172.25.0.2,GET,http://drupal.docker.localhost:8000/admin/config,1715168872,e5096e,200,request
461b37,172.25.0.2,GET,http://drupal.docker.localhost:8000/admin/config,1715168872,e5096e,200,request
634748,172.25.0.2,GET,http://drupal.docker.localhost:8000/admin/config,1715168872,e5096e,200,request
182eb4,172.25.0.2,GET,http://drupal.docker.localhost:8000/admin/config,1715168872,e5096e,200,request
68e84e,172.25.0.2,GET,http://drupal.docker.localhost:8000/admin/content,1715168877,68e84e,200,request
860984,172.25.0.2,GET,http://drupal.docker.localhost:8000/admin/content,1715168877,68e84e,200,request
b1fb82,172.25.0.2,GET,http://drupal.docker.localhost:8000/admin/content,1715168877,68e84e,200,request
ff73e5,172.25.0.2,GET,http://drupal.docker.localhost:8000/admin/content,1715168877,68e84e,200,request
8d10af,172.25.0.2,GET,http://drupal.docker.localhost:8000/admin/content,1715168877,68e84e,200,request
8022a5,172.25.0.2,GET,http://drupal.docker.localhost:8000/admin/content,1715168877,68e84e,200,request
c8a967,172.25.0.2,GET,http://drupal.docker.localhost:8000/admin/content,1715168877,68e84e,200,request
fa2e7e,172.25.0.2,GET,http://drupal.docker.localhost:8000/admin/content,1715168877,68e84e,200,request
945261,172.25.0.2,GET,http://drupal.docker.localhost:8000/admin/content,1715168877,68e84e,200,request
2a0df9,172.25.0.2,GET,http://drupal.docker.localhost:8000/admin/content,1715168877,68e84e,200,request
442a6e,172.25.0.2,GET,http://drupal.docker.localhost:8000/admin/content,1715168881,442a6e,200,request
72edd9,172.25.0.2,GET,http://drupal.docker.localhost:8000/admin/content,1715168881,442a6e,200,request
6153be,172.25.0.2,GET,http://drupal.docker.localhost:8000/admin/content,1715168881,442a6e,200,request
0140a9,172.25.0.2,GET,http://drupal.docker.localhost:8000/admin/content,1715168881,442a6e,200,request
ad8d8b,172.25.0.2,GET,http://drupal.docker.localhost:8000/admin/content,1715168881,442a6e,200,request
4b06ec,172.25.0.2,GET,http://drupal.docker.localhost:8000/admin/content,1715168881,442a6e,200,request
dd8cba,172.25.0.2,GET,http://drupal.docker.localhost:8000/admin/content,1715168881,442a6e,200,request
1958a4,172.25.0.2,GET,http://drupal.docker.localhost:8000/admin/content,1715168881,442a6e,200,request
195fbe,172.25.0.2,GET,http://drupal.docker.localhost:8000/admin/content,1715168881,442a6e,200,request
fc306a,172.25.0.2,GET,http://drupal.docker.localhost:8000/admin/content,1715168881,442a6e,200,request
65c675,172.25.0.2,GET,http://drupal.docker.localhost:8000/,1715168888,65c675,200,request
813903,172.25.0.2,GET,http://drupal.docker.localhost:8000/,1715168888,65c675,200,request
8c23d4,172.25.0.2,GET,http://drupal.docker.localhost:8000/,1715168888,65c675,200,request
1b733a,172.25.0.2,GET,http://drupal.docker.localhost:8000/,1715168888,65c675,200,request
272fe5,172.25.0.2,GET,http://drupal.docker.localhost:8000/,1715168888,65c675,200,request
922c55,172.25.0.2,GET,http://drupal.docker.localhost:8000/,1715168888,65c675,200,request
4ef5d7,172.25.0.2,GET,http://drupal.docker.localhost:8000/,1715168888,65c675,200,request
25297f,172.25.0.2,GET,http://drupal.docker.localhost:8000/admin/modules,1715168901,25297f,200,request
6febb7,172.25.0.2,GET,http://drupal.docker.localhost:8000/admin/modules,1715168958,6febb7,200,request
5b6f06,172.25.0.6,GET,http://drupal.docker.localhost:8000/,1715169254,5b6f06,200,request
ae0e91,172.25.0.6,GET,http://drupal.docker.localhost:8000/,1715169254,5b6f06,200,request
b88c22,172.25.0.6,GET,http://drupal.docker.localhost:8000/,1715169254,5b6f06,200,request
7e8fd8,172.25.0.6,GET,http://drupal.docker.localhost:8000/,1715169254,5b6f06,200,request
97659e,172.25.0.6,GET,http://drupal.docker.localhost:8000/,1715169254,5b6f06,200,request
ab5c1f,172.25.0.6,GET,http://drupal.docker.localhost:8000/,1715169254,5b6f06,200,request
f83c35,172.25.0.6,GET,http://drupal.docker.localhost:8000/,1715169254,5b6f06,200,request
702813,172.25.0.6,GET,http://drupal.docker.localhost:8000/admin/content,1715169293,702813,200,request
fd6b15,172.25.0.6,GET,http://drupal.docker.localhost:8000/admin/content,1715169293,702813,200,request
90c952,172.25.0.6,GET,http://drupal.docker.localhost:8000/admin/content,1715169293,702813,200,request
8fad1a,172.25.0.6,GET,http://drupal.docker.localhost:8000/admin/content,1715169293,702813,200,request
07a16e,172.25.0.6,GET,http://drupal.docker.localhost:8000/admin/content,1715169293,702813,200,request
4f07d9,172.25.0.6,GET,http://drupal.docker.localhost:8000/admin/content,1715169293,702813,200,request
e945f0,172.25.0.6,GET,http://drupal.docker.localhost:8000/admin/content,1715169293,702813,200,request
0405cc,172.25.0.6,GET,http://drupal.docker.localhost:8000/admin/content,1715169293,702813,200,request
bf3681,172.25.0.6,GET,http://drupal.docker.localhost:8000/admin/content,1715169293,702813,200,request
39bcd8,172.25.0.6,GET,http://drupal.docker.localhost:8000/admin/content,1715169293,702813,200,request
285411,172.25.0.6,GET,http://drupal.docker.localhost:8000/admin/content,1715169302,285411,200,request
5547bb,172.25.0.6,GET,http://drupal.docker.localhost:8000/admin/content,1715169302,285411,200,request
dd148e,172.25.0.6,GET,http://drupal.docker.localhost:8000/admin/content,1715169302,285411,200,request
9869d2,172.25.0.6,GET,http://drupal.docker.localhost:8000/admin/content,1715169302,285411,200,request
de1f0f,172.25.0.6,GET,http://drupal.docker.localhost:8000/admin/content,1715169302,285411,200,request
a1a8d6,172.25.0.6,GET,http://drupal.docker.localhost:8000/admin/content,1715169302,285411,200,request
54f36b,172.25.0.6,GET,http://drupal.docker.localhost:8000/admin/content,1715169302,285411,200,request
631b4a,172.25.0.6,GET,http://drupal.docker.localhost:8000/admin/content,1715169302,285411,200,request
71ca96,172.25.0.6,GET,http://drupal.docker.localhost:8000/admin/content,1715169302,285411,200,request
45d116,172.25.0.6,GET,http://drupal.docker.localhost:8000/admin/content,1715169302,285411,200,request
1feb0c,172.25.0.6,GET,http://drupal.docker.localhost:8000/admin/content,1715169304,1feb0c,200,request
914fe5,172.25.0.6,GET,http://drupal.docker.localhost:8000/admin/content,1715169304,1feb0c,200,request
02d62c,172.25.0.6,GET,http://drupal.docker.localhost:8000/admin/content,1715169304,1feb0c,200,request
acbe2d,172.25.0.6,GET,http://drupal.docker.localhost:8000/admin/content,1715169304,1feb0c,200,request
76e831,172.25.0.6,GET,http://drupal.docker.localhost:8000/admin/content,1715169304,1feb0c,200,request
a895ee,172.25.0.6,GET,http://drupal.docker.localhost:8000/admin/content,1715169304,1feb0c,200,request
06445a,172.25.0.6,GET,http://drupal.docker.localhost:8000/admin/content,1715169304,1feb0c,200,request
9598d6,172.25.0.6,GET,http://drupal.docker.localhost:8000/admin/content,1715169304,1feb0c,200,request
06e779,172.25.0.6,GET,http://drupal.docker.localhost:8000/admin/content,1715169304,1feb0c,200,request
8ee468,172.25.0.6,GET,http://drupal.docker.localhost:8000/admin/content,1715169304,1feb0c,200,request
923e35,172.25.0.6,GET,http://drupal.docker.localhost:8000/,1715169312,923e35,200,request
fd42c5,172.25.0.6,GET,http://drupal.docker.localhost:8000/,1715169312,923e35,200,request
5bc7d7,172.25.0.6,GET,http://drupal.docker.localhost:8000/,1715169312,923e35,200,request
dabc69,172.25.0.6,GET,http://drupal.docker.localhost:8000/,1715169312,923e35,200,request
2f271b,172.25.0.6,GET,http://drupal.docker.localhost:8000/,1715169312,923e35,200,request
2845b0,172.25.0.6,GET,http://drupal.docker.localhost:8000/,1715169312,923e35,200,request
6b7564,172.25.0.6,GET,http://drupal.docker.localhost:8000/,1715169312,923e35,200,request
ee452f,172.25.0.6,GET,http://drupal.docker.localhost:8000/admin/config,1715169318,ee452f,200,request
150dfc,172.25.0.6,GET,http://drupal.docker.localhost:8000/admin/config,1715169318,ee452f,200,request
188364,172.25.0.6,GET,http://drupal.docker.localhost:8000/admin/config,1715169318,ee452f,200,request
250f10,172.25.0.6,GET,http://drupal.docker.localhost:8000/admin/config,1715169318,ee452f,200,request
540747,172.25.0.6,GET,http://drupal.docker.localhost:8000/admin/config,1715169318,ee452f,200,request
3fb680,172.25.0.6,GET,http://drupal.docker.localhost:8000/admin/config,1715169318,ee452f,200,request
a2e85b,172.25.0.6,GET,http://drupal.docker.localhost:8000/admin/config,1715169318,ee452f,200,request
96258f,172.25.0.6,GET,http://drupal.docker.localhost:8000/admin/config,1715169318,ee452f,200,request
fdc0fa,172.25.0.6,GET,http://drupal.docker.localhost:8000/admin/config,1715169318,ee452f,200,request
072e87,172.25.0.6,GET,http://drupal.docker.localhost:8000/admin/config,1715169322,072e87,200,request
78e7d2,172.25.0.6,GET,http://drupal.docker.localhost:8000/admin/config,1715169322,072e87,200,request
8c2f74,172.25.0.6,GET,http://drupal.docker.localhost:8000/admin/config,1715169322,072e87,200,request
780a44,172.25.0.6,GET,http://drupal.docker.localhost:8000/admin/config,1715169322,072e87,200,request
836f83,172.25.0.6,GET,http://drupal.docker.localhost:8000/admin/config,1715169322,072e87,200,request
2dc2d9,172.25.0.6,GET,http://drupal.docker.localhost:8000/admin/config,1715169322,072e87,200,request
fd54c3,172.25.0.6,GET,http://drupal.docker.localhost:8000/admin/config,1715169322,072e87,200,request
a07c97,172.25.0.6,GET,http://drupal.docker.localhost:8000/admin/config,1715169322,072e87,200,request
55d857,172.25.0.6,GET,http://drupal.docker.localhost:8000/admin/config,1715169322,072e87,200,request
69dcc2,172.25.0.6,GET,http://drupal.docker.localhost:8000/admin/config,1715169326,69dcc2,200,request
6412d1,172.25.0.6,GET,http://drupal.docker.localhost:8000/admin/config,1715169326,69dcc2,200,request
21e18c,172.25.0.6,GET,http://drupal.docker.localhost:8000/admin/config,1715169326,69dcc2,200,request
ac9bf0,172.25.0.6,GET,http://drupal.docker.localhost:8000/admin/config,1715169326,69dcc2,200,request
f62479,172.25.0.6,GET,http://drupal.docker.localhost:8000/admin/config,1715169326,69dcc2,200,request
592a28,172.25.0.6,GET,http://drupal.docker.localhost:8000/admin/config,1715169326,69dcc2,200,request
7a58b3,172.25.0.6,GET,http://drupal.docker.localhost:8000/admin/config,1715169326,69dcc2,200,request
8686d0,172.25.0.6,GET,http://drupal.docker.localhost:8000/admin/config,1715169326,69dcc2,200,request
0e0a3a,172.25.0.6,GET,http://drupal.docker.localhost:8000/admin/config,1715169326,69dcc2,200,request
78a39d,172.25.0.6,GET,http://drupal.docker.localhost:8000/admin/appearance,1715169329,78a39d,200,request
9c2170,172.25.0.6,GET,http://drupal.docker.localhost:8000/admin/appearance,1715169329,78a39d,200,request
3d64db,172.25.0.6,GET,http://drupal.docker.localhost:8000/admin/appearance,1715169329,78a39d,200,request
02322d,172.25.0.6,GET,http://drupal.docker.localhost:8000/admin/appearance,1715169329,78a39d,200,request
c9ebc5,172.25.0.6,GET,http://drupal.docker.localhost:8000/admin/appearance,1715169329,78a39d,200,request
f01dc6,172.25.0.6,GET,http://drupal.docker.localhost:8000/admin/appearance,1715169329,78a39d,200,request
3395de,172.25.0.6,GET,http://drupal.docker.localhost:8000/admin/appearance,1715169329,78a39d,200,request
495c3a,172.25.0.6,GET,http://drupal.docker.localhost:8000/admin/appearance,1715169329,78a39d,200,request
9aa5bb,172.25.0.6,GET,http://drupal.docker.localhost:8000/admin/appearance,1715169329,78a39d,200,request
4eeead,172.25.0.6,GET,http://drupal.docker.localhost:8000/admin/appearance,1715169329,78a39d,200,request
2592b6,172.25.0.6,GET,http://drupal.docker.localhost:8000/admin/appearance,1715169329,78a39d,200,request
9b5a29,172.25.0.6,GET,http://drupal.docker.localhost:8000/admin/appearance,1715169329,78a39d,200,request
1b48b6,172.25.0.6,GET,http://drupal.docker.localhost:8000/admin/appearance,1715169329,78a39d,200,request
9c7ee3,172.25.0.6,GET,http://drupal.docker.localhost:8000/admin/appearance,1715169329,78a39d,200,request
beff10,172.25.0.6,GET,http://drupal.docker.localhost:8000/admin/appearance,1715169329,78a39d,200,request
4b4f7b,172.25.0.6,GET,http://drupal.docker.localhost:8000/admin/appearance,1715169329,78a39d,200,request
c16f3d,172.25.0.6,GET,http://drupal.docker.localhost:8000/admin/appearance,1715169331,c16f3d,200,request
316c29,172.25.0.6,GET,http://drupal.docker.localhost:8000/admin/appearance,1715169331,c16f3d,200,request
b38ca7,172.25.0.6,GET,http://drupal.docker.localhost:8000/admin/appearance,1715169331,c16f3d,200,request
55fefb,172.25.0.6,GET,http://drupal.docker.localhost:8000/admin/appearance,1715169331,c16f3d,200,request
57c0ef,172.25.0.6,GET,http://drupal.docker.localhost:8000/admin/appearance,1715169331,c16f3d,200,request
779ab1,172.25.0.6,GET,http://drupal.docker.localhost:8000/admin/appearance,1715169331,c16f3d,200,request
737b61,172.25.0.6,GET,http://drupal.docker.localhost:8000/admin/appearance,1715169331,c16f3d,200,request
2d49f8,172.25.0.6,GET,http://drupal.docker.localhost:8000/admin/appearance,1715169331,c16f3d,200,request
d52b0b,172.25.0.6,GET,http://drupal.docker.localhost:8000/admin/appearance,1715169331,c16f3d,200,request
1fc9bc,172.25.0.6,GET,http://drupal.docker.localhost:8000/admin/appearance,1715169331,c16f3d,200,request
85a49f,172.25.0.6,GET,http://drupal.docker.localhost:8000/admin/appearance,1715169331,c16f3d,200,request
d33c75,172.25.0.6,GET,http://drupal.docker.localhost:8000/admin/appearance,1715169331,c16f3d,200,request
147503,172.25.0.6,GET,http://drupal.docker.localhost:8000/admin/appearance,1715169331,c16f3d,200,request
71bbc6,172.25.0.6,GET,http://drupal.docker.localhost:8000/admin/appearance,1715169331,c16f3d,200,request
c465fe,172.25.0.6,GET,http://drupal.docker.localhost:8000/admin/appearance,1715169331,c16f3d,200,request
3f575b,172.25.0.6,GET,http://drupal.docker.localhost:8000/admin/appearance,1715169331,c16f3d,200,request
55fb4e,172.25.0.6,GET,http://drupal.docker.localhost:8000/,1715169338,55fb4e,200,request
523119,172.25.0.6,GET,http://drupal.docker.localhost:8000/,1715169338,55fb4e,200,request
e46853,172.25.0.6,GET,http://drupal.docker.localhost:8000/,1715169338,55fb4e,200,request
eb1714,172.25.0.6,GET,http://drupal.docker.localhost:8000/,1715169338,55fb4e,200,request
5bb902,172.25.0.6,GET,http://drupal.docker.localhost:8000/,1715169338,55fb4e,200,request
c931aa,172.25.0.6,GET,http://drupal.docker.localhost:8000/,1715169338,55fb4e,200,request
e9804e,172.25.0.6,GET,http://drupal.docker.localhost:8000/,1715169338,55fb4e,200,request
9cddef,172.25.0.6,GET,http://drupal.docker.localhost:8000/user,1715169350,9cddef,302,request
baafc7,172.25.0.6,GET,http://drupal.docker.localhost:8000/user/1,1715169350,baafc7,200,request
16cddd,172.25.0.6,GET,http://drupal.docker.localhost:8000/user/1,1715169350,baafc7,200,request
1bfe20,172.25.0.6,GET,http://drupal.docker.localhost:8000/user/1,1715169350,baafc7,200,request
e80cec,172.25.0.6,GET,http://drupal.docker.localhost:8000/user/1,1715169350,baafc7,200,request
d3fd74,172.25.0.6,GET,http://drupal.docker.localhost:8000/user/1,1715169350,baafc7,200,request
4966f3,172.25.0.6,GET,http://drupal.docker.localhost:8000/user/1,1715169350,baafc7,200,request
8bdd88,172.25.0.6,GET,http://drupal.docker.localhost:8000/user/1,1715169350,baafc7,200,request
787570,172.25.0.6,GET,http://drupal.docker.localhost:8000/user/1,1715169350,baafc7,200,request
ae3104,172.25.0.6,GET,http://drupal.docker.localhost:8000/user/1,1715169350,baafc7,200,request
eb7b0a,172.25.0.6,GET,http://drupal.docker.localhost:8000/user/1,1715169350,baafc7,200,request
0fe530,172.25.0.6,GET,http://drupal.docker.localhost:8000/user/1,1715169350,baafc7,200,request
9a69b0,172.25.0.6,GET,http://drupal.docker.localhost:8000/,1715169355,9a69b0,200,request
08e603,172.25.0.6,GET,http://drupal.docker.localhost:8000/,1715169356,9a69b0,200,request
4f138b,172.25.0.6,GET,http://drupal.docker.localhost:8000/,1715169356,9a69b0,200,request
73a397,172.25.0.6,GET,http://drupal.docker.localhost:8000/,1715169356,9a69b0,200,request
c9d7b2,172.25.0.6,GET,http://drupal.docker.localhost:8000/,1715169356,9a69b0,200,request
ef78c4,172.25.0.6,GET,http://drupal.docker.localhost:8000/,1715169356,9a69b0,200,request
b4a698,172.25.0.6,GET,http://drupal.docker.localhost:8000/,1715169356,9a69b0,200,request
9025ad,172.25.0.6,GET,http://drupal.docker.localhost:8000/,1715169404,9025ad,200,request
c27279,172.25.0.6,GET,http://drupal.docker.localhost:8000/,1715169404,9025ad,200,request
b9fd0d,172.25.0.6,GET,http://drupal.docker.localhost:8000/,1715169404,9025ad,200,request
a9b5f7,172.25.0.6,GET,http://drupal.docker.localhost:8000/,1715169404,9025ad,200,request
cba121,172.25.0.6,GET,http://drupal.docker.localhost:8000/,1715169404,9025ad,200,request
d15d23,172.25.0.6,GET,http://drupal.docker.localhost:8000/,1715169404,9025ad,200,request
76e7f1,172.25.0.6,GET,http://drupal.docker.localhost:8000/,1715169404,9025ad,200,request
007b90,172.25.0.4,GET,http://drupal.docker.localhost:8000/admin/content,1715179078,007b90,200,request
4dac46,172.25.0.4,GET,http://drupal.docker.localhost:8000/admin/content,1715179078,007b90,200,request
171562,172.25.0.4,GET,http://drupal.docker.localhost:8000/admin/content,1715179078,007b90,200,request
1937ca,172.25.0.4,GET,http://drupal.docker.localhost:8000/admin/content,1715179078,007b90,200,request
9416f6,172.25.0.4,GET,http://drupal.docker.localhost:8000/admin/content,1715179078,007b90,200,request
97c522,172.25.0.4,GET,http://drupal.docker.localhost:8000/admin/content,1715179078,007b90,200,request
2ba865,172.25.0.4,GET,http://drupal.docker.localhost:8000/admin/content,1715179078,007b90,200,request
56c0f0,172.25.0.4,GET,http://drupal.docker.localhost:8000/admin/content,1715179078,007b90,200,request
931955,172.25.0.4,GET,http://drupal.docker.localhost:8000/admin/content,1715179078,007b90,200,request
a13937,172.25.0.4,GET,http://drupal.docker.localhost:8000/admin/content,1715179078,007b90,200,request
192afe,172.25.0.4,GET,http://drupal.docker.localhost:8000/,1715179187,192afe,200,request
8e1ef4,172.25.0.4,GET,http://drupal.docker.localhost:8000/,1715179187,192afe,200,request
ca043d,172.25.0.4,GET,http://drupal.docker.localhost:8000/,1715179187,192afe,200,request
ea09b4,172.25.0.4,GET,http://drupal.docker.localhost:8000/,1715179187,192afe,200,request
bb4a9f,172.25.0.4,GET,http://drupal.docker.localhost:8000/,1715179187,192afe,200,request
a91316,172.25.0.4,GET,http://drupal.docker.localhost:8000/,1715179187,192afe,200,request
02eece,172.25.0.4,GET,http://drupal.docker.localhost:8000/,1715179187,192afe,200,request
914a28,172.25.0.4,GET,http://drupal.docker.localhost:8000/,1715179195,914a28,200,request
a22998,172.25.0.4,GET,http://drupal.docker.localhost:8000/,1715179195,914a28,200,request
64c288,172.25.0.4,GET,http://drupal.docker.localhost:8000/,1715179195,914a28,200,request
6e18f1,172.25.0.4,GET,http://drupal.docker.localhost:8000/,1715179195,914a28,200,request
137926,172.25.0.4,GET,http://drupal.docker.localhost:8000/,1715179195,914a28,200,request
3ee545,172.25.0.4,GET,http://drupal.docker.localhost:8000/,1715179195,914a28,200,request
7c372b,172.25.0.4,GET,http://drupal.docker.localhost:8000/,1715179195,914a28,200,request
fbfde5,172.25.0.7,GET,http://drupal.docker.localhost:8000/,1715179691,fbfde5,200,request
451bff,172.25.0.7,GET,http://drupal.docker.localhost:8000/,1715179691,fbfde5,200,request
063f95,172.25.0.7,GET,http://drupal.docker.localhost:8000/,1715179691,fbfde5,200,request
27f630,172.25.0.7,GET,http://drupal.docker.localhost:8000/,1715179691,fbfde5,200,request
8b1999,172.25.0.7,GET,http://drupal.docker.localhost:8000/,1715179691,fbfde5,200,request
8db8b6,172.25.0.7,GET,http://drupal.docker.localhost:8000/,1715179691,fbfde5,200,request
4157ed,172.25.0.7,GET,http://drupal.docker.localhost:8000/,1715179691,fbfde5,200,request
47fff8,172.25.0.6,GET,http://drupal.docker.localhost:8000/,1715179909,47fff8,200,request
99bc31,172.25.0.6,GET,http://drupal.docker.localhost:8000/,1715179909,47fff8,200,request
cfe7b6,172.25.0.6,GET,http://drupal.docker.localhost:8000/,1715179909,47fff8,200,request
83eb7b,172.25.0.6,GET,http://drupal.docker.localhost:8000/,1715179909,47fff8,200,request
b50f23,172.25.0.6,GET,http://drupal.docker.localhost:8000/,1715179909,47fff8,200,request
16d7df,172.25.0.6,GET,http://drupal.docker.localhost:8000/,1715179909,47fff8,200,request
e84cef,172.25.0.6,GET,http://drupal.docker.localhost:8000/,1715179909,47fff8,200,request
892369,172.25.0.6,GET,http://drupal.docker.localhost:8000/,1715180289,892369,200,request
d275e5,172.25.0.6,GET,http://drupal.docker.localhost:8000/,1715180289,892369,200,request
bf6988,172.25.0.6,GET,http://drupal.docker.localhost:8000/,1715180289,892369,200,request
16fdc5,172.25.0.6,GET,http://drupal.docker.localhost:8000/,1715180289,892369,200,request
8677e2,172.25.0.6,GET,http://drupal.docker.localhost:8000/,1715180289,892369,200,request
6e1992,172.25.0.6,GET,http://drupal.docker.localhost:8000/,1715180289,892369,200,request
a8c17f,172.25.0.6,GET,http://drupal.docker.localhost:8000/,1715180289,892369,200,request
8b3faa,172.25.0.6,GET,http://drupal.docker.localhost:8000/,1715180308,8b3faa,200,request
675778,172.25.0.6,GET,http://drupal.docker.localhost:8000/,1715180308,8b3faa,200,request
0068bb,172.25.0.6,GET,http://drupal.docker.localhost:8000/,1715180308,8b3faa,200,request
d5b3b4,172.25.0.6,GET,http://drupal.docker.localhost:8000/,1715180308,8b3faa,200,request
38e621,172.25.0.6,GET,http://drupal.docker.localhost:8000/,1715180308,8b3faa,200,request
7fd4b9,172.25.0.6,GET,http://drupal.docker.localhost:8000/,1715180308,8b3faa,200,request
70311c,172.25.0.6,GET,http://drupal.docker.localhost:8000/,1715180308,8b3faa,200,request
879b58,172.25.0.6,GET,http://drupal.docker.localhost:8000/,1715180335,879b58,200,request
c073a7,172.25.0.6,GET,http://drupal.docker.localhost:8000/,1715180335,879b58,200,request
fef4b4,172.25.0.6,GET,http://drupal.docker.localhost:8000/,1715180335,879b58,200,request
9a7b17,172.25.0.6,GET,http://drupal.docker.localhost:8000/,1715180335,879b58,200,request
243f37,172.25.0.6,GET,http://drupal.docker.localhost:8000/,1715180335,879b58,200,request
3019c9,172.25.0.6,GET,http://drupal.docker.localhost:8000/,1715180335,879b58,200,request
07f5dd,172.25.0.6,GET,http://drupal.docker.localhost:8000/,1715180335,879b58,200,request
921889,172.25.0.6,GET,http://drupal.docker.localhost:8000/,1715180351,921889,200,request
29686c,172.25.0.6,GET,http://drupal.docker.localhost:8000/,1715180351,921889,200,request
6bdbe0,172.25.0.6,GET,http://drupal.docker.localhost:8000/,1715180351,921889,200,request
5fa518,172.25.0.6,GET,http://drupal.docker.localhost:8000/,1715180351,921889,200,request
a3f278,172.25.0.6,GET,http://drupal.docker.localhost:8000/,1715180351,921889,200,request
2a9856,172.25.0.6,GET,http://drupal.docker.localhost:8000/,1715180351,921889,200,request
3b0511,172.25.0.6,GET,http://drupal.docker.localhost:8000/,1715180351,921889,200,request
e4bc1e,172.25.0.2,GET,http://drupal.docker.localhost:8000/,1715180493,e4bc1e,200,request
6eb58c,172.25.0.2,GET,http://drupal.docker.localhost:8000/,1715180493,e4bc1e,200,request
a1029a,172.25.0.2,GET,http://drupal.docker.localhost:8000/,1715180493,e4bc1e,200,request
c425cc,172.25.0.2,GET,http://drupal.docker.localhost:8000/,1715180493,e4bc1e,200,request
469d26,172.25.0.2,GET,http://drupal.docker.localhost:8000/,1715180493,e4bc1e,200,request
1b04c3,172.25.0.2,GET,http://drupal.docker.localhost:8000/,1715180493,e4bc1e,200,request
192ceb,172.25.0.2,GET,http://drupal.docker.localhost:8000/,1715180493,e4bc1e,200,request
f5a0e3,172.25.0.2,GET,http://drupal.docker.localhost:8000/,1715180510,f5a0e3,200,request
ad8d48,172.25.0.2,GET,http://drupal.docker.localhost:8000/,1715180510,f5a0e3,200,request
8559ce,172.25.0.2,GET,http://drupal.docker.localhost:8000/,1715180510,f5a0e3,200,request
199bb0,172.25.0.2,GET,http://drupal.docker.localhost:8000/,1715180510,f5a0e3,200,request
33b34c,172.25.0.2,GET,http://drupal.docker.localhost:8000/,1715180510,f5a0e3,200,request
441a11,172.25.0.2,GET,http://drupal.docker.localhost:8000/,1715180510,f5a0e3,200,request
1acde8,172.25.0.2,GET,http://drupal.docker.localhost:8000/,1715180510,f5a0e3,200,request
8b6918,172.25.0.2,GET,http://drupal.docker.localhost:8000/,1715180887,8b6918,200,request
f5d9a7,172.25.0.2,GET,http://drupal.docker.localhost:8000/,1715180887,8b6918,200,request
c7b11d,172.25.0.2,GET,http://drupal.docker.localhost:8000/,1715180887,8b6918,200,request
2c982b,172.25.0.2,GET,http://drupal.docker.localhost:8000/,1715180887,8b6918,200,request
0bbc50,172.25.0.2,GET,http://drupal.docker.localhost:8000/,1715180887,8b6918,200,request
b6470b,172.25.0.2,GET,http://drupal.docker.localhost:8000/,1715180887,8b6918,200,request
78827f,172.25.0.2,GET,http://drupal.docker.localhost:8000/,1715180887,8b6918,200,request
72a1d3,172.25.0.2,GET,http://drupal.docker.localhost:8000/,1715183963,72a1d3,200,request
b66919,172.25.0.2,GET,http://drupal.docker.localhost:8000/,1715183963,72a1d3,200,request
b76439,172.25.0.2,GET,http://drupal.docker.localhost:8000/,1715183963,72a1d3,200,request
157a1e,172.25.0.2,GET,http://drupal.docker.localhost:8000/,1715183963,72a1d3,200,request
9274e2,172.25.0.2,GET,http://drupal.docker.localhost:8000/,1715183963,72a1d3,200,request
815c99,172.25.0.2,GET,http://drupal.docker.localhost:8000/,1715183963,72a1d3,200,request
585851,172.25.0.2,GET,http://drupal.docker.localhost:8000/,1715183963,72a1d3,200,request
b9ede1,172.25.0.2,GET,http://drupal.docker.localhost:8000/,1715183991,b9ede1,200,request
bcf98e,172.25.0.2,GET,http://drupal.docker.localhost:8000/,1715183991,b9ede1,200,request
6e2a2c,172.25.0.2,GET,http://drupal.docker.localhost:8000/,1715183991,b9ede1,200,request
8c166d,172.25.0.2,GET,http://drupal.docker.localhost:8000/,1715183991,b9ede1,200,request
daa723,172.25.0.2,GET,http://drupal.docker.localhost:8000/,1715183991,b9ede1,200,request
5f2ba1,172.25.0.2,GET,http://drupal.docker.localhost:8000/,1715183991,b9ede1,200,request
482273,172.25.0.2,GET,http://drupal.docker.localhost:8000/,1715183991,b9ede1,200,request
